brown_lesion_count,lesion_diameter,ring_count,yellow_area_percent,avg_irregularity,hsv_shift,edge_roughness,curl_index,texture_entropy,internode_length,mean_green_intensity,branch_count,speck_count,rust_area_percent,pustule_count,droop_angle,image_id,disease
0,0.0,20,0.0,23.497937046000107,56.41,0.037628173828125,1.0,294.4211902390438,Manual measurement required,100.6925048828125,Manual or skeleton-based count,10,0.0,0,Requires keypoint estimation or manual measurement,bacterial_spot_1,bacterial
0,0.0,34,0.09,19.00249407328889,50.85,0.0396270751953125,1.0,285.28503174800795,Manual measurement required,107.34837341308594,Manual or skeleton-based count,0,0.0,0,Requires keypoint estimation or manual measurement,bacterial_spot_10,bacterial
2,0.33,104,3.68,11.976284045727462,32.07,0.054229736328125,1.0,264.52847983067727,Manual measurement required,102.39720153808594,Manual or skeleton-based count,0,0.60882568359375,3,Requires keypoint estimation or manual measurement,bacterial_spot_11,bacterial
2,0.34,14,45.56,4.30013795877369,14.8,0.0536956787109375,1.0,327.97614230577693,Manual measurement required,124.99581909179688,Manual or skeleton-based count,3,0.65155029296875,9,Requires keypoint estimation or manual measurement,bacterial_spot_12,bacterial
2,0.22,68,16.11,5.994089202957775,24.72,0.070159912109375,1.0,435.20466571215144,Manual measurement required,102.87217712402344,Manual or skeleton-based count,3,0.091552734375,0,Requires keypoint estimation or manual measurement,bacterial_spot_13,bacterial
2,0.34,50,0.05,9.72110575573653,75.47,0.0469818115234375,1.0,491.2590263944224,Manual measurement required,129.40863037109375,Manual or skeleton-based count,0,0.0,0,Requires keypoint estimation or manual measurement,bacterial_spot_14,bacterial
2,0.34,94,9.11,15.780317442960696,36.52,0.071380615234375,1.0,315.8696464143427,Manual measurement required,114.79440307617188,Manual or skeleton-based count,2,0.18310546875,1,Requires keypoint estimation or manual measurement,bacterial_spot_15,bacterial
3,0.17,24,0.13,13.68909389403649,44.52,0.0331573486328125,1.0,221.91960283864543,Manual measurement required,107.20960998535156,Manual or skeleton-based count,1,0.0,0,Requires keypoint estimation or manual measurement,bacterial_spot_16,bacterial
2,0.25,31,0.35,20.05909552439849,58.88,0.0384368896484375,1.0,324.54085221613553,Manual measurement required,114.49627685546875,Manual or skeleton-based count,6,0.0457763671875,1,Requires keypoint estimation or manual measurement,bacterial_spot_17,bacterial
0,0.0,29,0.0,12.315378060294062,56.66,0.044403076171875,1.0,351.8293077689244,Manual measurement required,109.90057373046875,Manual or skeleton-based count,4,0.0,0,Requires keypoint estimation or manual measurement,bacterial_spot_18,bacterial
1,0.24,25,20.33,6.107544332172829,13.52,0.097686767578125,1.0,640.9464641434263,Manual measurement required,128.9465789794922,Manual or skeleton-based count,1,0.494384765625,3,Requires keypoint estimation or manual measurement,bacterial_spot_19,bacterial
0,0.0,3,12.78,6.849525328432897,29.03,0.055908203125,1.0,446.1940363545817,Manual measurement required,138.6558074951172,Manual or skeleton-based count,1,0.87127685546875,4,Requires keypoint estimation or manual measurement,bacterial_spot_2,bacterial
0,0.0,9,15.68,4.7222626674189225,21.25,0.0377960205078125,1.0,289.5982320717132,Manual measurement required,127.80802917480469,Manual or skeleton-based count,4,0.006103515625,0,Requires keypoint estimation or manual measurement,bacterial_spot_20,bacterial
0,0.0,1,9.81,8.307600770683296,23.86,0.0401458740234375,1.0,249.86801232569724,Manual measurement required,149.43714904785156,Manual or skeleton-based count,1,0.04119873046875,0,Requires keypoint estimation or manual measurement,bacterial_spot_21,bacterial
0,0.0,28,0.0,20.383566422333253,60.94,0.0171966552734375,1.0,169.63152079183268,Manual measurement required,118.82942199707031,Manual or skeleton-based count,0,0.0,0,Requires keypoint estimation or manual measurement,bacterial_spot_22,bacterial
0,0.0,17,0.01,16.076315905255594,53.76,0.03662109375,1.0,253.85727402888446,Manual measurement required,96.72077941894531,Manual or skeleton-based count,3,0.0,0,Requires keypoint estimation or manual measurement,bacterial_spot_23,bacterial
0,0.0,106,3.35,10.992514881216369,47.29,0.048828125,1.0,237.63401083167338,Manual measurement required,107.08146667480469,Manual or skeleton-based count,0,0.26397705078125,1,Requires keypoint estimation or manual measurement,bacterial_spot_24,bacterial
0,0.0,49,0.6,15.290158069676004,38.02,0.0421295166015625,1.0,252.34880789342634,Manual measurement required,110.99763488769531,Manual or skeleton-based count,0,0.0,0,Requires keypoint estimation or manual measurement,bacterial_spot_25,bacterial
0,0.0,10,18.76,8.142905195454594,15.95,0.03582763671875,1.0,303.1982849850598,Manual measurement required,124.53404235839844,Manual or skeleton-based count,2,0.21820068359375,3,Requires keypoint estimation or manual measurement,bacterial_spot_26,bacterial
3,0.17,36,2.62,27.80376123951852,36.13,0.0435333251953125,1.0,265.550547808765,Manual measurement required,111.05409240722656,Manual or skeleton-based count,1,0.1190185546875,1,Requires keypoint estimation or manual measurement,bacterial_spot_27,bacterial
0,0.0,5,32.61,5.726032252479685,16.1,0.0352935791015625,1.0,262.9702440239044,Manual measurement required,135.88058471679688,Manual or skeleton-based count,0,0.00762939453125,0,Requires keypoint estimation or manual measurement,bacterial_spot_28,bacterial
0,0.0,0,67.24,0.0,9.66,0.048492431640625,1.0,298.9813091384462,Manual measurement required,135.2223663330078,Manual or skeleton-based count,0,0.0335693359375,0,Requires keypoint estimation or manual measurement,bacterial_spot_29,bacterial
0,0.0,6,8.31,0.0,16.83,0.0227508544921875,1.0,158.69310258964143,Manual measurement required,133.48190307617188,Manual or skeleton-based count,0,0.1251220703125,1,Requires keypoint estimation or manual measurement,bacterial_spot_3,bacterial
0,0.0,5,0.01,22.194356325674573,49.15,0.0306549072265625,1.0,283.54212836155386,Manual measurement required,92.86604309082031,Manual or skeleton-based count,2,0.0,0,Requires keypoint estimation or manual measurement,bacterial_spot_30,bacterial
1,0.2,86,1.48,10.279758460408223,54.1,0.06866455078125,1.0,414.29444721115544,Manual measurement required,104.84953308105469,Manual or skeleton-based count,16,0.01068115234375,0,Requires keypoint estimation or manual measurement,bacterial_spot_31,bacterial
2,0.34,50,2.91,13.099696986293903,36.64,0.0470123291015625,1.0,315.37296127988054,Manual measurement required,104.384765625,Manual or skeleton-based count,8,0.3173828125,2,Requires keypoint estimation or manual measurement,bacterial_spot_32,bacterial
0,0.0,59,4.77,14.126039868323724,40.75,0.0490570068359375,1.0,325.10117343127496,Manual measurement required,109.49058532714844,Manual or skeleton-based count,5,0.09002685546875,1,Requires keypoint estimation or manual measurement,bacterial_spot_33,bacterial
1,0.5,103,1.48,19.341193665729307,42.35,0.0814361572265625,1.0,455.20522597111545,Manual measurement required,111.13031005859375,Manual or skeleton-based count,1,0.00152587890625,0,Requires keypoint estimation or manual measurement,bacterial_spot_34,bacterial
0,0.0,11,0.64,20.115068463768683,47.71,0.033294677734375,1.0,238.50311254980082,Manual measurement required,102.50520324707031,Manual or skeleton-based count,0,0.00762939453125,0,Requires keypoint estimation or manual measurement,bacterial_spot_35,bacterial
1,0.15,9,0.01,20.869157914603903,54.77,0.02899169921875,1.0,225.33080179282868,Manual measurement required,92.44868469238281,Manual or skeleton-based count,2,0.0,0,Requires keypoint estimation or manual measurement,bacterial_spot_36,bacterial
3,0.29,24,1.85,15.59631301005119,40.93,0.0497283935546875,1.0,299.99218750000006,Manual measurement required,102.69139099121094,Manual or skeleton-based count,10,0.0,0,Requires keypoint estimation or manual measurement,bacterial_spot_37,bacterial
0,0.0,39,32.6,5.907130243039496,16.32,0.0628662109375,1.0,352.1687157619522,Manual measurement required,117.21231079101562,Manual or skeleton-based count,2,0.59051513671875,5,Requires keypoint estimation or manual measurement,bacterial_spot_38,bacterial
2,0.23,24,0.87,13.304681229359831,46.92,0.03564453125,1.0,232.00413969123505,Manual measurement required,107.28884887695312,Manual or skeleton-based count,2,0.0152587890625,0,Requires keypoint estimation or manual measurement,bacterial_spot_39,bacterial
7,0.25,61,2.94,21.441739730482897,31.09,0.04168701171875,1.0,256.0346271165339,Manual measurement required,88.15115356445312,Manual or skeleton-based count,14,0.18310546875,1,Requires keypoint estimation or manual measurement,bacterial_spot_4,bacterial
1,0.37,9,0.0,15.932234589869132,64.35,0.0205535888671875,1.0,246.91091882470118,Manual measurement required,96.86221313476562,Manual or skeleton-based count,3,0.0,0,Requires keypoint estimation or manual measurement,bacterial_spot_40,bacterial
0,0.0,75,0.05,15.333003690909358,53.5,0.0614166259765625,1.0,481.7050236553784,Manual measurement required,106.02330017089844,Manual or skeleton-based count,15,0.0,0,Requires keypoint estimation or manual measurement,bacterial_spot_41,bacterial
1,0.44,10,0.07,21.248537583385037,57.59,0.0424652099609375,1.0,318.4575292579681,Manual measurement required,94.22500610351562,Manual or skeleton-based count,10,0.0,0,Requires keypoint estimation or manual measurement,bacterial_spot_42,bacterial
1,0.17,74,2.92,8.6188499907455,35.38,0.049224853515625,1.0,354.788782370518,Manual measurement required,106.24240112304688,Manual or skeleton-based count,13,0.13427734375,1,Requires keypoint estimation or manual measurement,bacterial_spot_43,bacterial
2,0.23,53,31.28,6.711038790793373,16.19,0.0355224609375,1.0,236.94184200697214,Manual measurement required,116.76156616210938,Manual or skeleton-based count,3,0.02899169921875,0,Requires keypoint estimation or manual measurement,bacterial_spot_44,bacterial
0,0.0,14,0.22,20.56031253207422,47.74,0.03948974609375,1.0,302.027156997012,Manual measurement required,100.5308837890625,Manual or skeleton-based count,3,0.0,0,Requires keypoint estimation or manual measurement,bacterial_spot_45,bacterial
1,0.15,72,0.2,9.225705552790844,38.98,0.043701171875,1.0,277.0114074950199,Manual measurement required,115.0660400390625,Manual or skeleton-based count,3,0.0,0,Requires keypoint estimation or manual measurement,bacterial_spot_46,bacterial
3,0.36,66,8.24,23.25282647969115,46.94,0.0852203369140625,1.0,487.1514877988049,Manual measurement required,95.57733154296875,Manual or skeleton-based count,21,0.3875732421875,0,Requires keypoint estimation or manual measurement,bacterial_spot_47,bacterial
0,0.0,2,26.13,0.0,15.84,0.1059417724609375,1.0,531.0959754731076,Manual measurement required,127.15960693359375,Manual or skeleton-based count,0,0.77972412109375,8,Requires keypoint estimation or manual measurement,bacterial_spot_48,bacterial
3,0.24,114,14.66,22.807404531048327,31.7,0.050445556640625,1.0,273.7294882968128,Manual measurement required,105.96682739257812,Manual or skeleton-based count,0,0.0457763671875,0,Requires keypoint estimation or manual measurement,bacterial_spot_49,bacterial
0,0.0,40,56.32,8.253806643456407,30.48,0.0316314697265625,1.0,192.50463769920316,Manual measurement required,127.18353271484375,Manual or skeleton-based count,2,0.08697509765625,1,Requires keypoint estimation or manual measurement,bacterial_spot_5,bacterial
0,0.0,137,0.15,14.359820600465643,57.77,0.086151123046875,1.0,492.2627925796814,Manual measurement required,115.39503479003906,Manual or skeleton-based count,1,0.0,0,Requires keypoint estimation or manual measurement,bacterial_spot_50,bacterial
0,0.0,108,0.52,8.955514787320595,42.14,0.0628662109375,1.0,379.41919820717135,Manual measurement required,108.42523193359375,Manual or skeleton-based count,2,0.00152587890625,0,Requires keypoint estimation or manual measurement,bacterial_spot_6,bacterial
1,0.16,5,0.56,21.18464720770603,47.37,0.046417236328125,1.0,283.4667268426295,Manual measurement required,98.48521423339844,Manual or skeleton-based count,2,0.1190185546875,1,Requires keypoint estimation or manual measurement,bacterial_spot_7,bacterial
0,0.0,20,37.83,4.578819766546954,18.74,0.04791259765625,1.0,414.89487363047806,Manual measurement required,129.51943969726562,Manual or skeleton-based count,3,0.09765625,1,Requires keypoint estimation or manual measurement,bacterial_spot_8,bacterial
3,0.17,73,1.17,18.396639614379612,35.66,0.0528411865234375,1.0,293.86865039840643,Manual measurement required,107.83712768554688,Manual or skeleton-based count,2,0.00762939453125,0,Requires keypoint estimation or manual measurement,bacterial_spot_9,bacterial
1,0.4,149,7.63,14.059117265089423,47.61,0.1539306640625,1.0,1133.1939274153387,Manual measurement required,108.79025268554688,Manual or skeleton-based count,27,0.00457763671875,0,Requires keypoint estimation or manual measurement,early_blight_1,early
2,0.27,107,3.43,17.58692321632274,38.43,0.187042236328125,1.0,1467.7126027141437,Manual measurement required,106.74606323242188,Manual or skeleton-based count,30,0.12359619140625,2,Requires keypoint estimation or manual measurement,early_blight_10,early
2,0.29,26,28.21,21.864624409651743,22.12,0.2700042724609375,1.0,1531.4368774900402,Manual measurement required,110.86436462402344,Manual or skeleton-based count,8,4.1046142578125,4,Requires keypoint estimation or manual measurement,early_blight_11,early
3,0.52,104,0.57,10.505710938277996,62.89,0.083404541015625,1.0,646.3899713645419,Manual measurement required,113.54994201660156,Manual or skeleton-based count,14,0.0,0,Requires keypoint estimation or manual measurement,early_blight_12,early
0,0.0,60,0.87,12.683122405816697,35.81,0.1467437744140625,1.0,1111.652297061753,Manual measurement required,117.6513671875,Manual or skeleton-based count,4,0.006103515625,0,Requires keypoint estimation or manual measurement,early_blight_13,early
7,0.36,111,11.32,9.12466422965899,35.88,0.1151580810546875,1.0,709.9978212151397,Manual measurement required,100.72207641601562,Manual or skeleton-based count,10,0.20904541015625,2,Requires keypoint estimation or manual measurement,early_blight_14,early
7,0.36,111,11.32,9.12466422965899,35.88,0.1151580810546875,1.0,709.9978212151397,Manual measurement required,100.72207641601562,Manual or skeleton-based count,10,0.20904541015625,2,Requires keypoint estimation or manual measurement,early_blight_15,early
3,0.45,86,1.05,16.16096882619024,49.75,0.0950775146484375,1.0,449.6523904382471,Manual measurement required,114.31915283203125,Manual or skeleton-based count,5,0.0,0,Requires keypoint estimation or manual measurement,early_blight_16,early
1,0.17,46,3.68,4.223250383424542,66.6,0.17340087890625,1.0,2159.956128610558,Manual measurement required,133.5881805419922,Manual or skeleton-based count,21,0.32958984375,4,Requires keypoint estimation or manual measurement,early_blight_17,early
0,0.0,70,0.25,11.6659667881122,51.77,0.0960235595703125,1.0,929.4731075697212,Manual measurement required,100.06114196777344,Manual or skeleton-based count,11,0.0,0,Requires keypoint estimation or manual measurement,early_blight_18,early
3,0.16,93,0.26,10.752246922280744,56.8,0.038665771484375,1.0,256.1240973605578,Manual measurement required,106.53179931640625,Manual or skeleton-based count,5,0.006103515625,0,Requires keypoint estimation or manual measurement,early_blight_19,early
6,0.31,79,6.52,10.473173267639835,55.57,0.20989990234375,1.0,2185.3041894920325,Manual measurement required,130.48513793945312,Manual or skeleton-based count,28,0.40435791015625,3,Requires keypoint estimation or manual measurement,early_blight_2,early
3,0.3,28,12.81,4.66473214480283,23.47,0.1447906494140625,1.0,1347.6891496513942,Manual measurement required,113.79570007324219,Manual or skeleton-based count,12,0.35858154296875,4,Requires keypoint estimation or manual measurement,early_blight_20,early
0,0.0,122,0.96,7.717187847165144,24.03,0.1801910400390625,1.0,1530.6483596862554,Manual measurement required,118.59176635742188,Manual or skeleton-based count,18,0.00152587890625,0,Requires keypoint estimation or manual measurement,early_blight_21,early
0,0.0,53,5.46,8.208086470273132,50.65,0.081268310546875,1.0,441.3484032619522,Manual measurement required,111.881591796875,Manual or skeleton-based count,2,0.01220703125,0,Requires keypoint estimation or manual measurement,early_blight_22,early
3,0.49,118,24.71,8.33301061616018,33.7,0.121917724609375,1.0,1515.4431959661358,Manual measurement required,127.75027465820312,Manual or skeleton-based count,20,0.96282958984375,4,Requires keypoint estimation or manual measurement,early_blight_23,early
3,0.49,118,24.71,8.33301061616018,33.7,0.121917724609375,1.0,1515.4431959661358,Manual measurement required,127.75027465820312,Manual or skeleton-based count,20,0.96282958984375,4,Requires keypoint estimation or manual measurement,early_blight_24,early
2,0.81,70,7.82,9.126124349707363,45.93,0.065185546875,1.0,579.3338365288845,Manual measurement required,105.86396789550781,Manual or skeleton-based count,28,0.03662109375,0,Requires keypoint estimation or manual measurement,early_blight_25,early
0,0.0,11,0.12,3.61250416112877,27.99,0.0635833740234375,1.0,1204.4363950448208,Manual measurement required,119.5252685546875,Manual or skeleton-based count,9,0.0,0,Requires keypoint estimation or manual measurement,early_blight_26,early
0,0.0,47,25.23,4.46495972441136,36.32,0.1204071044921875,1.0,1088.511205179283,Manual measurement required,128.39183044433594,Manual or skeleton-based count,7,0.05035400390625,1,Requires keypoint estimation or manual measurement,early_blight_27,early
2,0.19,7,17.97,4.89607856000515,34.51,0.0859832763671875,1.0,610.7753828436255,Manual measurement required,145.1121063232422,Manual or skeleton-based count,0,0.12359619140625,2,Requires keypoint estimation or manual measurement,early_blight_28,early
2,0.67,82,0.2,9.999350276765076,69.54,0.073822021484375,1.0,510.0039218127492,Manual measurement required,106.35832214355469,Manual or skeleton-based count,12,0.0,0,Requires keypoint estimation or manual measurement,early_blight_29,early
6,0.23,176,4.16,12.122042506151956,50.65,0.1665496826171875,1.0,1804.3029444721117,Manual measurement required,127.15945434570312,Manual or skeleton-based count,20,0.28076171875,1,Requires keypoint estimation or manual measurement,early_blight_3,early
2,0.67,82,0.2,9.999350276765076,69.54,0.073822021484375,1.0,510.0039218127492,Manual measurement required,106.35832214355469,Manual or skeleton-based count,12,0.0,0,Requires keypoint estimation or manual measurement,early_blight_30,early
1,0.16,45,1.51,7.376307898726285,41.74,0.1547698974609375,1.0,1427.0716508964144,Manual measurement required,121.46968078613281,Manual or skeleton-based count,11,0.15411376953125,2,Requires keypoint estimation or manual measurement,early_blight_31,early
1,0.16,58,0.91,13.453945946754418,45.49,0.135284423828125,1.0,1662.5858752490042,Manual measurement required,130.4808349609375,Manual or skeleton-based count,6,0.01068115234375,0,Requires keypoint estimation or manual measurement,early_blight_32,early
1,0.16,58,0.91,13.453945946754418,45.49,0.135284423828125,1.0,1662.5858752490042,Manual measurement required,130.4808349609375,Manual or skeleton-based count,6,0.01068115234375,0,Requires keypoint estimation or manual measurement,early_blight_33,early
1,0.17,138,8.19,16.741329779623307,63.47,0.152984619140625,1.0,1381.1044416085656,Manual measurement required,121.00355529785156,Manual or skeleton-based count,26,0.50811767578125,4,Requires keypoint estimation or manual measurement,early_blight_34,early
0,0.0,30,0.11,6.782578481605885,55.89,0.173095703125,1.0,1744.827377988048,Manual measurement required,118.54867553710938,Manual or skeleton-based count,16,0.0,0,Requires keypoint estimation or manual measurement,early_blight_35,early
3,0.18,80,9.21,10.721777483357307,45.58,0.1573028564453125,1.0,1573.7698891932273,Manual measurement required,133.8147735595703,Manual or skeleton-based count,18,0.048828125,0,Requires keypoint estimation or manual measurement,early_blight_36,early
1,0.23,118,1.22,14.549493813022089,67.83,0.0789794921875,1.0,558.6838427539841,Manual measurement required,116.04786682128906,Manual or skeleton-based count,6,0.018310546875,0,Requires keypoint estimation or manual measurement,early_blight_37,early
5,0.45,81,10.6,10.063283492757144,63.68,0.1340789794921875,1.0,1306.9753486055781,Manual measurement required,123.5042724609375,Manual or skeleton-based count,12,0.25634765625,2,Requires keypoint estimation or manual measurement,early_blight_38,early
3,0.44,57,13.48,44.331552763608144,29.0,0.060272216796875,1.0,371.2130851593625,Manual measurement required,107.18739318847656,Manual or skeleton-based count,6,0.018310546875,0,Requires keypoint estimation or manual measurement,early_blight_39,early
2,0.68,28,0.45,3.705799348930553,53.98,0.052703857421875,1.0,457.85812998007964,Manual measurement required,95.55856323242188,Manual or skeleton-based count,21,0.0,0,Requires keypoint estimation or manual measurement,early_blight_4,early
5,0.35,156,4.15,10.415847312100077,55.67,0.1425933837890625,1.0,1016.307846738048,Manual measurement required,127.58891296386719,Manual or skeleton-based count,19,0.0091552734375,0,Requires keypoint estimation or manual measurement,early_blight_40,early
0,0.0,97,0.18,11.475673630679815,52.29,0.1427459716796875,1.0,1434.6571059511953,Manual measurement required,121.82514953613281,Manual or skeleton-based count,18,0.0,0,Requires keypoint estimation or manual measurement,early_blight_41,early
1,1.16,51,0.05,8.42268211854377,69.11,0.08917236328125,1.0,650.1236927290835,Manual measurement required,121.22038269042969,Manual or skeleton-based count,2,0.0,0,Requires keypoint estimation or manual measurement,early_blight_42,early
2,0.32,78,0.38,15.031167522149529,56.16,0.0943603515625,1.0,431.1193040338646,Manual measurement required,108.67082214355469,Manual or skeleton-based count,0,0.0030517578125,0,Requires keypoint estimation or manual measurement,early_blight_43,early
2,0.32,78,0.38,15.031167522149529,56.16,0.0943603515625,1.0,431.1193040338646,Manual measurement required,108.67082214355469,Manual or skeleton-based count,0,0.0030517578125,0,Requires keypoint estimation or manual measurement,early_blight_44,early
0,0.0,84,1.12,19.994397876950664,48.42,0.1772613525390625,1.0,1205.2589330179285,Manual measurement required,114.2237548828125,Manual or skeleton-based count,7,0.0152587890625,0,Requires keypoint estimation or manual measurement,early_blight_45,early
1,0.25,28,33.3,10.465203505993621,20.1,0.0428314208984375,1.0,202.96913906872513,Manual measurement required,121.56753540039062,Manual or skeleton-based count,0,0.042724609375,0,Requires keypoint estimation or manual measurement,early_blight_46,early
3,0.25,115,0.41,14.088471088862354,46.48,0.1878204345703125,1.0,1485.9628828436257,Manual measurement required,114.22195434570312,Manual or skeleton-based count,13,0.0,0,Requires keypoint estimation or manual measurement,early_blight_47,early
3,0.42,101,22.96,14.927181154808595,41.45,0.126495361328125,1.0,803.5196090637452,Manual measurement required,113.81266784667969,Manual or skeleton-based count,22,1.08184814453125,2,Requires keypoint estimation or manual measurement,early_blight_48,early
3,0.56,63,0.35,16.928959127768497,49.66,0.0736846923828125,1.0,533.8092473854582,Manual measurement required,123.59320068359375,Manual or skeleton-based count,10,0.0030517578125,0,Requires keypoint estimation or manual measurement,early_blight_49,early
2,0.62,3,1.2,3.9822036371536527,61.9,0.054595947265625,1.0,569.4823985308765,Manual measurement required,155.76193237304688,Manual or skeleton-based count,0,0.00152587890625,0,Requires keypoint estimation or manual measurement,early_blight_5,early
0,0.0,100,1.21,8.413972843003913,47.02,0.1603546142578125,1.0,1176.9731386952194,Manual measurement required,112.37042236328125,Manual or skeleton-based count,7,0.006103515625,0,Requires keypoint estimation or manual measurement,early_blight_50,early
0,0.0,167,0.0,21.006001121747094,63.05,0.1642303466796875,1.0,519.078545194223,Manual measurement required,103.61517333984375,Manual or skeleton-based count,5,0.0,0,Requires keypoint estimation or manual measurement,early_blight_6,early
5,0.26,52,3.02,7.0038290171485365,54.98,0.144287109375,1.0,1074.4782277141437,Manual measurement required,133.4298095703125,Manual or skeleton-based count,6,0.006103515625,0,Requires keypoint estimation or manual measurement,early_blight_7,early
2,0.68,43,0.32,3.8556403328126567,65.95,0.0224761962890625,1.0,333.92755540338646,Manual measurement required,111.95675659179688,Manual or skeleton-based count,9,0.0,0,Requires keypoint estimation or manual measurement,early_blight_8,early
3,0.39,63,10.29,5.193517873499758,44.05,0.0864410400390625,1.0,399.40870891434264,Manual measurement required,114.335205078125,Manual or skeleton-based count,1,0.05950927734375,1,Requires keypoint estimation or manual measurement,early_blight_9,early
0,0.0,125,16.63,13.024285320186346,33.04,0.2121429443359375,1.0,1394.2754295318725,Manual measurement required,132.09571838378906,Manual or skeleton-based count,13,0.10833740234375,0,Requires keypoint estimation or manual measurement,rust_1,rust
1,0.2,10,34.6,4.4866147468651505,36.22,0.0939483642578125,1.0,787.5132438994024,Manual measurement required,126.86053466796875,Manual or skeleton-based count,12,0.49896240234375,4,Requires keypoint estimation or manual measurement,rust_10,rust
0,0.0,24,70.86,9.487500012239597,20.98,0.0478363037109375,1.0,364.4014877988047,Manual measurement required,118.45033264160156,Manual or skeleton-based count,0,0.0152587890625,0,Requires keypoint estimation or manual measurement,rust_11,rust
2,0.19,23,13.77,8.540431285815357,38.36,0.114227294921875,1.0,570.3476251245021,Manual measurement required,121.2794189453125,Manual or skeleton-based count,3,0.08087158203125,1,Requires keypoint estimation or manual measurement,rust_12,rust
0,0.0,114,0.37,8.134856607006126,37.67,0.0462188720703125,1.0,237.50969559262955,Manual measurement required,112.60182189941406,Manual or skeleton-based count,1,0.00152587890625,0,Requires keypoint estimation or manual measurement,rust_13,rust
0,0.0,0,10.03,12.832793328841763,31.75,0.204925537109375,1.0,1212.164544945219,Manual measurement required,172.0264892578125,Manual or skeleton-based count,2,0.0457763671875,0,Requires keypoint estimation or manual measurement,rust_14,rust
1,0.29,15,59.3,12.174275867291769,11.5,0.1701812744140625,0.0,841.0001867529882,Manual measurement required,137.08413696289062,Manual or skeleton-based count,5,0.04119873046875,0,Requires keypoint estimation or manual measurement,rust_15,rust
4,0.44,1,86.98,6.0487293253633885,30.63,0.1871337890625,1.0,1009.7008839641436,Manual measurement required,129.60813903808594,Manual or skeleton-based count,2,0.45166015625,1,Requires keypoint estimation or manual measurement,rust_16,rust
0,0.0,5,11.56,8.030973074331326,26.37,0.2471771240234375,1.0,1441.103803535857,Manual measurement required,148.9092559814453,Manual or skeleton-based count,3,0.05645751953125,0,Requires keypoint estimation or manual measurement,rust_17,rust
1,0.15,112,13.66,9.54766561179118,43.6,0.192779541015625,1.0,1518.6693693974103,Manual measurement required,137.95645141601562,Manual or skeleton-based count,17,1.3092041015625,4,Requires keypoint estimation or manual measurement,rust_18,rust
0,0.0,86,4.06,9.937930361716514,55.84,0.1712799072265625,1.0,1458.19999688745,Manual measurement required,116.45478820800781,Manual or skeleton-based count,22,0.0,0,Requires keypoint estimation or manual measurement,rust_19,rust
0,0.0,17,16.46,5.885715504653296,25.79,0.0474395751953125,1.0,355.9673026643426,Manual measurement required,124.74002075195312,Manual or skeleton-based count,0,0.00152587890625,0,Requires keypoint estimation or manual measurement,rust_2,rust
4,0.26,35,35.01,8.807341014036856,32.46,0.213409423828125,1.0,2008.2698425049803,Manual measurement required,128.3856658935547,Manual or skeleton-based count,18,2.33306884765625,8,Requires keypoint estimation or manual measurement,rust_20,rust
2,0.25,5,37.92,7.980261796063208,18.33,0.16387939453125,1.0,1042.2540930029884,Manual measurement required,132.91891479492188,Manual or skeleton-based count,9,0.1922607421875,1,Requires keypoint estimation or manual measurement,rust_21,rust
5,0.38,37,55.6,8.314067104732421,189.21,0.0684356689453125,1.0,309.52020044820716,Manual measurement required,116.94731140136719,Manual or skeleton-based count,3,12.43743896484375,16,Requires keypoint estimation or manual measurement,rust_22,rust
0,0.0,54,0.63,8.786577439790092,39.9,0.3168792724609375,1.0,1477.1420100846617,Manual measurement required,150.7050323486328,Manual or skeleton-based count,1,0.0030517578125,0,Requires keypoint estimation or manual measurement,rust_23,rust
0,0.0,137,16.34,11.428082390481167,30.58,0.18865966796875,1.0,1085.1479861802788,Manual measurement required,125.30873107910156,Manual or skeleton-based count,13,0.1861572265625,2,Requires keypoint estimation or manual measurement,rust_24,rust
0,0.0,24,16.26,7.087650425979686,26.05,0.2037353515625,1.0,1332.7180808017931,Manual measurement required,144.93409729003906,Manual or skeleton-based count,4,0.1739501953125,0,Requires keypoint estimation or manual measurement,rust_25,rust
0,0.0,39,46.1,7.013505111175266,16.67,0.06671142578125,1.0,528.671221364542,Manual measurement required,112.84129333496094,Manual or skeleton-based count,1,0.37078857421875,2,Requires keypoint estimation or manual measurement,rust_26,rust
0,0.0,19,55.91,5.083122830781372,17.68,0.03155517578125,1.0,273.2975753237052,Manual measurement required,110.13966369628906,Manual or skeleton-based count,0,0.13580322265625,1,Requires keypoint estimation or manual measurement,rust_27,rust
0,0.0,78,3.95,12.894309098824909,27.73,0.196136474609375,1.0,1127.9206455428289,Manual measurement required,135.5713653564453,Manual or skeleton-based count,5,0.0457763671875,0,Requires keypoint estimation or manual measurement,rust_28,rust
0,0.0,91,0.06,9.564106981366717,26.04,0.10443115234375,1.0,519.9800485557769,Manual measurement required,142.81520080566406,Manual or skeleton-based count,0,0.0,0,Requires keypoint estimation or manual measurement,rust_29,rust
8,0.18,21,15.03,10.21263404491012,24.54,0.0804290771484375,1.0,536.9457326942231,Manual measurement required,136.51287841796875,Manual or skeleton-based count,0,0.1068115234375,1,Requires keypoint estimation or manual measurement,rust_3,rust
2,0.24,38,11.99,13.804887077226272,42.16,0.1290283203125,1.0,1151.4784300298809,Manual measurement required,148.6183319091797,Manual or skeleton-based count,9,0.03662109375,0,Requires keypoint estimation or manual measurement,rust_30,rust
1,0.25,2,61.26,5.506583011604513,19.72,0.0297088623046875,1.0,294.94187313247016,Manual measurement required,127.96609497070312,Manual or skeleton-based count,2,0.17852783203125,2,Requires keypoint estimation or manual measurement,rust_31,rust
4,0.2,109,58.13,19.607118623451303,16.72,0.2296905517578125,1.0,1479.637138944223,Manual measurement required,123.10789489746094,Manual or skeleton-based count,13,0.1251220703125,1,Requires keypoint estimation or manual measurement,rust_32,rust
0,0.0,3,6.86,5.188913268125015,36.61,0.2030487060546875,1.0,1349.0804594123506,Manual measurement required,160.18673706054688,Manual or skeleton-based count,4,0.04425048828125,0,Requires keypoint estimation or manual measurement,rust_33,rust
3,0.22,0,48.06,7.370151409277682,39.1,0.1024627685546875,1.0,670.6793606822711,Manual measurement required,173.33154296875,Manual or skeleton-based count,0,0.9796142578125,2,Requires keypoint estimation or manual measurement,rust_34,rust
0,0.0,33,15.3,9.408931395069184,23.27,0.250762939453125,1.0,1677.8514846862552,Manual measurement required,152.85098266601562,Manual or skeleton-based count,4,0.07476806640625,0,Requires keypoint estimation or manual measurement,rust_35,rust
0,0.0,50,0.76,22.263254908652808,47.44,0.1461639404296875,1.0,1076.3552353087653,Manual measurement required,123.0528564453125,Manual or skeleton-based count,17,0.0,0,Requires keypoint estimation or manual measurement,rust_36,rust
0,0.0,0,11.02,0.0,38.6,0.070220947265625,1.0,519.960844123506,Manual measurement required,170.63101196289062,Manual or skeleton-based count,0,0.23956298828125,1,Requires keypoint estimation or manual measurement,rust_37,rust
0,0.0,101,18.08,12.55841341191198,22.6,0.17620849609375,1.0,1448.4473512201198,Manual measurement required,117.97962951660156,Manual or skeleton-based count,24,0.2410888671875,2,Requires keypoint estimation or manual measurement,rust_38,rust
3,0.21,73,55.07,16.204320031378927,18.77,0.177764892578125,1.0,1176.1688402639445,Manual measurement required,124.59159851074219,Manual or skeleton-based count,9,0.05645751953125,0,Requires keypoint estimation or manual measurement,rust_39,rust
2,0.29,32,15.1,14.83597257270818,18.69,0.2689056396484375,1.0,1759.801061379482,Manual measurement required,141.2493438720703,Manual or skeleton-based count,7,0.13427734375,0,Requires keypoint estimation or manual measurement,rust_4,rust
2,0.24,52,39.26,5.850683215059591,34.98,0.0839080810546875,1.0,723.6335750747012,Manual measurement required,131.06031799316406,Manual or skeleton-based count,3,0.0244140625,0,Requires keypoint estimation or manual measurement,rust_40,rust
0,0.0,103,0.59,9.999247592793882,27.91,0.2343292236328125,1.0,1920.3860339890446,Manual measurement required,136.6732177734375,Manual or skeleton-based count,10,0.01220703125,0,Requires keypoint estimation or manual measurement,rust_41,rust
0,0.0,80,0.13,9.583778587168029,69.34,0.1262359619140625,1.0,1083.324483316733,Manual measurement required,137.47164916992188,Manual or skeleton-based count,6,0.0,0,Requires keypoint estimation or manual measurement,rust_42,rust
0,0.0,97,0.09,18.44332437134095,60.53,0.0780029296875,1.0,506.37626058266943,Manual measurement required,103.5272216796875,Manual or skeleton-based count,7,0.0,0,Requires keypoint estimation or manual measurement,rust_43,rust
0,0.0,8,20.77,2.9646854100354365,19.77,0.0239410400390625,1.0,223.34855888944222,Manual measurement required,118.77531433105469,Manual or skeleton-based count,2,0.4638671875,2,Requires keypoint estimation or manual measurement,rust_44,rust
0,0.0,38,2.01,7.737488260855624,62.04,0.2049713134765625,1.0,1328.8018083914342,Manual measurement required,149.69906616210938,Manual or skeleton-based count,11,0.0030517578125,0,Requires keypoint estimation or manual measurement,rust_45,rust
0,0.0,3,3.52,6.228642989362484,37.73,0.2569122314453125,1.0,1844.1777577191237,Manual measurement required,159.78453063964844,Manual or skeleton-based count,6,0.00457763671875,0,Requires keypoint estimation or manual measurement,rust_46,rust
1,0.54,40,12.14,5.96584548923394,38.51,0.0190277099609375,1.0,157.2738265687251,Manual measurement required,111.23789978027344,Manual or skeleton-based count,0,0.3570556640625,2,Requires keypoint estimation or manual measurement,rust_47,rust
0,0.0,55,0.52,19.709298147777655,23.69,0.1475067138671875,1.0,1145.8016838894425,Manual measurement required,124.69354248046875,Manual or skeleton-based count,4,0.0,0,Requires keypoint estimation or manual measurement,rust_48,rust
0,0.0,24,2.96,9.239736538953395,59.87,0.1799468994140625,1.0,1245.7030938745024,Manual measurement required,141.38829040527344,Manual or skeleton-based count,2,0.01678466796875,0,Requires keypoint estimation or manual measurement,rust_49,rust
3,0.46,59,29.81,18.891439664802444,29.27,0.2016143798828125,1.0,1274.4096271165342,Manual measurement required,119.94760131835938,Manual or skeleton-based count,7,0.2349853515625,0,Requires keypoint estimation or manual measurement,rust_5,rust
1,0.18,24,16.35,16.868210409606334,21.27,0.107025146484375,1.0,580.3549863047809,Manual measurement required,115.7027587890625,Manual or skeleton-based count,1,0.1190185546875,1,Requires keypoint estimation or manual measurement,rust_50,rust
4,0.27,56,35.27,10.422464066992545,20.51,0.154541015625,1.0,873.5203716384464,Manual measurement required,133.71905517578125,Manual or skeleton-based count,7,0.14190673828125,0,Requires keypoint estimation or manual measurement,rust_6,rust
3,0.64,39,45.46,8.425302938343954,30.45,0.0548095703125,1.0,295.6024495766933,Manual measurement required,110.00868225097656,Manual or skeleton-based count,0,1.19171142578125,6,Requires keypoint estimation or manual measurement,rust_7,rust
0,0.0,52,11.01,9.453180589016958,26.26,0.1938323974609375,1.0,1037.4939616533864,Manual measurement required,129.20091247558594,Manual or skeleton-based count,11,0.16937255859375,1,Requires keypoint estimation or manual measurement,rust_8,rust
0,0.0,16,9.96,7.028755652269475,49.02,0.085113525390625,1.0,1112.0318258217133,Manual measurement required,129.59951782226562,Manual or skeleton-based count,12,0.02593994140625,0,Requires keypoint estimation or manual measurement,rust_9,rust
0,0.0,5,8.8,5.209724426280558,42.1,0.0222320556640625,1.0,306.1086746762948,Manual measurement required,149.6879425048828,Manual or skeleton-based count,2,0.0,0,Requires keypoint estimation or manual measurement,yellow_leaf_curl_1,yellow
0,0.0,117,0.66,6.120223754076481,71.23,0.078887939453125,1.0,579.3623630478088,Manual measurement required,114.50140380859375,Manual or skeleton-based count,15,0.0,0,Requires keypoint estimation or manual measurement,yellow_leaf_curl_10,yellow
0,0.0,17,9.47,5.63297582787347,99.22,0.041473388671875,1.0,302.31463209661365,Manual measurement required,127.56085205078125,Manual or skeleton-based count,5,0.0,0,Requires keypoint estimation or manual measurement,yellow_leaf_curl_11,yellow
0,0.0,39,5.1,4.9500529864203795,83.16,0.0650177001953125,1.0,504.25918202191247,Manual measurement required,122.70394897460938,Manual or skeleton-based count,0,0.0,0,Requires keypoint estimation or manual measurement,yellow_leaf_curl_12,yellow
0,0.0,33,24.2,8.204723213111906,55.34,0.00555419921875,1.0,203.8743619272908,Manual measurement required,133.94981384277344,Manual or skeleton-based count,0,0.0,0,Requires keypoint estimation or manual measurement,yellow_leaf_curl_13,yellow
0,0.0,40,20.32,5.430475761243078,42.12,0.0251007080078125,1.0,284.09563309262955,Manual measurement required,122.72390747070312,Manual or skeleton-based count,0,0.0,0,Requires keypoint estimation or manual measurement,yellow_leaf_curl_14,yellow
0,0.0,26,2.98,7.333716683317175,96.0,0.0152130126953125,1.0,206.3217131474104,Manual measurement required,137.17083740234375,Manual or skeleton-based count,1,0.0,0,Requires keypoint estimation or manual measurement,yellow_leaf_curl_15,yellow
0,0.0,3,13.55,10.642293456346565,63.73,0.0052642822265625,0.0,250.56715326195223,Manual measurement required,139.34495544433594,Manual or skeleton-based count,0,0.0,0,Requires keypoint estimation or manual measurement,yellow_leaf_curl_16,yellow
0,0.0,3,2.19,5.856588786607878,39.99,0.0169830322265625,1.0,178.26500249003985,Manual measurement required,137.2205352783203,Manual or skeleton-based count,0,0.0,0,Requires keypoint estimation or manual measurement,yellow_leaf_curl_17,yellow
0,0.0,89,0.95,9.360468146547829,83.55,0.0279998779296875,1.0,232.57888757470118,Manual measurement required,117.23588562011719,Manual or skeleton-based count,1,0.0,0,Requires keypoint estimation or manual measurement,yellow_leaf_curl_18,yellow
0,0.0,0,30.67,0.0,83.01,0.03729248046875,0.0,313.77317293326695,Manual measurement required,161.31591796875,Manual or skeleton-based count,0,0.0,0,Requires keypoint estimation or manual measurement,yellow_leaf_curl_19,yellow
4,0.88,56,10.07,18.96355916015105,72.68,0.0966949462890625,1.0,542.9039155876495,Manual measurement required,103.76849365234375,Manual or skeleton-based count,15,0.0,0,Requires keypoint estimation or manual measurement,yellow_leaf_curl_2,yellow
0,0.0,90,7.1,15.225784997734133,23.7,0.101715087890625,1.0,470.4405036105578,Manual measurement required,110.21183776855469,Manual or skeleton-based count,14,0.00152587890625,0,Requires keypoint estimation or manual measurement,yellow_leaf_curl_20,yellow
2,0.22,108,5.26,10.825188373880549,48.42,0.17010498046875,1.0,1066.1503828436257,Manual measurement required,117.94383239746094,Manual or skeleton-based count,22,0.05950927734375,0,Requires keypoint estimation or manual measurement,yellow_leaf_curl_21,yellow
6,0.64,78,2.95,17.852550640646285,72.61,0.1589813232421875,1.0,555.2564429780876,Manual measurement required,105.37739562988281,Manual or skeleton-based count,25,0.0,0,Requires keypoint estimation or manual measurement,yellow_leaf_curl_22,yellow
1,0.2,101,1.01,18.544847844411613,59.08,0.0873260498046875,1.0,308.61874377490045,Manual measurement required,100.95326232910156,Manual or skeleton-based count,20,0.0,0,Requires keypoint estimation or manual measurement,yellow_leaf_curl_23,yellow
0,0.0,88,2.38,10.218329096653841,40.25,0.07220458984375,1.0,343.6670972360559,Manual measurement required,108.40036010742188,Manual or skeleton-based count,26,0.00457763671875,0,Requires keypoint estimation or manual measurement,yellow_leaf_curl_24,yellow
3,0.3,89,18.65,9.490225911982625,48.69,0.2823486328125,1.0,1293.9584163346615,Manual measurement required,129.1595458984375,Manual or skeleton-based count,9,0.01373291015625,0,Requires keypoint estimation or manual measurement,yellow_leaf_curl_25,yellow
2,0.5,93,7.89,15.142317319725977,26.24,0.1438751220703125,1.0,623.0249782121515,Manual measurement required,104.20594787597656,Manual or skeleton-based count,26,0.0030517578125,0,Requires keypoint estimation or manual measurement,yellow_leaf_curl_26,yellow
0,0.0,33,4.07,4.332810051505718,56.47,0.026458740234375,1.0,303.6757812500001,Manual measurement required,123.68496704101562,Manual or skeleton-based count,2,0.0,0,Requires keypoint estimation or manual measurement,yellow_leaf_curl_27,yellow
0,0.0,107,0.06,20.04380319269523,114.57,0.0995941162109375,1.0,492.58027265936266,Manual measurement required,112.05815124511719,Manual or skeleton-based count,12,0.0,0,Requires keypoint estimation or manual measurement,yellow_leaf_curl_28,yellow
2,0.18,8,6.11,4.804076962801791,54.72,0.0062408447265625,0.0,184.5963489790837,Manual measurement required,123.74220275878906,Manual or skeleton-based count,0,0.0,0,Requires keypoint estimation or manual measurement,yellow_leaf_curl_29,yellow
2,0.3,120,4.27,20.111084840742123,44.79,0.1588134765625,1.0,737.5720244023905,Manual measurement required,102.57823181152344,Manual or skeleton-based count,42,0.0,0,Requires keypoint estimation or manual measurement,yellow_leaf_curl_3,yellow
0,0.0,3,17.57,5.253246269773224,67.7,0.0273895263671875,1.0,390.41462275896424,Manual measurement required,137.11692810058594,Manual or skeleton-based count,6,0.01068115234375,0,Requires keypoint estimation or manual measurement,yellow_leaf_curl_30,yellow
4,0.58,77,5.95,17.813277324936465,56.85,0.220184326171875,1.0,1210.2788377739046,Manual measurement required,123.72547912597656,Manual or skeleton-based count,41,0.0,0,Requires keypoint estimation or manual measurement,yellow_leaf_curl_31,yellow
0,0.0,37,15.51,8.493504776688916,38.64,0.0255584716796875,1.0,254.77697024402394,Manual measurement required,132.6906280517578,Manual or skeleton-based count,2,0.0,0,Requires keypoint estimation or manual measurement,yellow_leaf_curl_32,yellow
1,0.2,89,4.17,14.95066622128344,33.01,0.13934326171875,1.0,916.4702751494025,Manual measurement required,125.73922729492188,Manual or skeleton-based count,8,0.0,0,Requires keypoint estimation or manual measurement,yellow_leaf_curl_33,yellow
0,0.0,3,12.54,4.775429315067308,99.63,0.049285888671875,1.0,408.34804531872527,Manual measurement required,138.0988006591797,Manual or skeleton-based count,0,0.0,0,Requires keypoint estimation or manual measurement,yellow_leaf_curl_34,yellow
2,0.38,47,0.02,52.06076154282027,62.34,0.0497589111328125,1.0,292.9065923804781,Manual measurement required,105.45770263671875,Manual or skeleton-based count,17,0.0,0,Requires keypoint estimation or manual measurement,yellow_leaf_curl_35,yellow
0,0.0,20,3.94,5.366120282763012,44.59,0.048919677734375,1.0,329.07603959163345,Manual measurement required,122.86422729492188,Manual or skeleton-based count,2,0.0,0,Requires keypoint estimation or manual measurement,yellow_leaf_curl_36,yellow
0,0.0,92,2.04,16.522759761724554,48.42,0.26165771484375,1.0,1311.1200666085658,Manual measurement required,123.22811889648438,Manual or skeleton-based count,16,0.0,0,Requires keypoint estimation or manual measurement,yellow_leaf_curl_37,yellow
2,0.15,102,9.65,16.2579033224769,40.71,0.1381072998046875,1.0,515.3009057519921,Manual measurement required,105.51374816894531,Manual or skeleton-based count,14,0.030517578125,0,Requires keypoint estimation or manual measurement,yellow_leaf_curl_38,yellow
1,0.58,77,1.54,13.335019568366185,59.66,0.07208251953125,1.0,372.76514255478094,Manual measurement required,102.25439453125,Manual or skeleton-based count,15,0.0152587890625,0,Requires keypoint estimation or manual measurement,yellow_leaf_curl_39,yellow
3,0.27,49,0.34,10.964727935196729,65.76,0.0294189453125,1.0,212.50745455677293,Manual measurement required,95.20516967773438,Manual or skeleton-based count,21,0.0,0,Requires keypoint estimation or manual measurement,yellow_leaf_curl_4,yellow
8,0.37,82,5.94,18.384975198321275,47.22,0.1602020263671875,1.0,690.738016683267,Manual measurement required,102.91777038574219,Manual or skeleton-based count,25,0.01678466796875,0,Requires keypoint estimation or manual measurement,yellow_leaf_curl_40,yellow
0,0.0,41,12.12,5.815125506076822,83.46,0.04583740234375,2.0,397.28594995019927,Manual measurement required,125.60826110839844,Manual or skeleton-based count,2,0.0,0,Requires keypoint estimation or manual measurement,yellow_leaf_curl_41,yellow
0,0.0,4,19.38,7.990652953560336,35.61,0.03936767578125,1.0,275.8539124750996,Manual measurement required,129.63323974609375,Manual or skeleton-based count,0,0.0,0,Requires keypoint estimation or manual measurement,yellow_leaf_curl_42,yellow
0,0.0,4,16.01,11.0188057794736,50.05,0.035736083984375,1.0,300.04933391434264,Manual measurement required,135.9391326904297,Manual or skeleton-based count,3,0.0,0,Requires keypoint estimation or manual measurement,yellow_leaf_curl_43,yellow
2,0.72,54,12.1,22.45938837320705,46.43,0.231689453125,1.0,1036.2910078436253,Manual measurement required,133.78236389160156,Manual or skeleton-based count,21,0.01373291015625,0,Requires keypoint estimation or manual measurement,yellow_leaf_curl_44,yellow
0,0.0,120,1.57,14.045958831520228,47.49,0.146270751953125,1.0,563.0708883217134,Manual measurement required,96.81625366210938,Manual or skeleton-based count,33,0.0,0,Requires keypoint estimation or manual measurement,yellow_leaf_curl_45,yellow
0,0.0,6,5.12,13.157838729791267,70.4,0.0093231201171875,1.0,189.3757625747012,Manual measurement required,129.83702087402344,Manual or skeleton-based count,1,0.0,0,Requires keypoint estimation or manual measurement,yellow_leaf_curl_46,yellow
0,0.0,28,44.75,24.447922066468262,12.85,0.0140838623046875,1.0,161.4082731573706,Manual measurement required,137.124267578125,Manual or skeleton-based count,0,0.0,0,Requires keypoint estimation or manual measurement,yellow_leaf_curl_47,yellow
0,0.0,2,17.64,4.479719369249556,42.27,0.0299072265625,1.0,266.5280285109562,Manual measurement required,137.76336669921875,Manual or skeleton-based count,1,0.0762939453125,1,Requires keypoint estimation or manual measurement,yellow_leaf_curl_48,yellow
2,0.58,51,15.33,8.525045112249755,70.29,0.1756744384765625,1.0,850.7859032619524,Manual measurement required,106.86671447753906,Manual or skeleton-based count,9,0.030517578125,0,Requires keypoint estimation or manual measurement,yellow_leaf_curl_49,yellow
0,0.0,128,2.32,5.380042650369498,46.19,0.052276611328125,1.0,466.12023779880485,Manual measurement required,97.82698059082031,Manual or skeleton-based count,12,0.0,0,Requires keypoint estimation or manual measurement,yellow_leaf_curl_5,yellow
0,0.0,89,0.08,8.100972248629937,64.69,0.027252197265625,1.0,231.15844434760962,Manual measurement required,110.7705078125,Manual or skeleton-based count,6,0.0,0,Requires keypoint estimation or manual measurement,yellow_leaf_curl_50,yellow
0,0.0,81,22.25,18.054139799232466,27.97,0.1753387451171875,1.0,751.2391838894423,Manual measurement required,110.063232421875,Manual or skeleton-based count,9,0.0,0,Requires keypoint estimation or manual measurement,yellow_leaf_curl_6,yellow
0,0.0,0,25.41,0.0,67.8,0.00341796875,0.0,140.43963209661356,Manual measurement required,147.13197326660156,Manual or skeleton-based count,0,0.0,0,Requires keypoint estimation or manual measurement,yellow_leaf_curl_7,yellow
1,0.21,112,0.78,15.020833384415603,51.54,0.149688720703125,1.0,957.1835937499999,Manual measurement required,120.93513488769531,Manual or skeleton-based count,22,0.0,0,Requires keypoint estimation or manual measurement,yellow_leaf_curl_8,yellow
0,0.0,64,4.79,5.378604223461003,44.12,0.029876708984375,1.0,297.9844061254981,Manual measurement required,124.30686950683594,Manual or skeleton-based count,3,0.0,0,Requires keypoint estimation or manual measurement,yellow_leaf_curl_9,yellow
